[{"imageSource":"cs.jpg","link":"https://twitter.com/sfacompsci","Major":"Computer Science","Desc":"SFA Computer Science"},
{"imageSource":"nurse.jpg","link":"https://twitter.com/sfasna","Major":"Nursing","Desc":"SFA Nursing"},
{"imageSource":"biology.jpg","link":"https://m.facebook.com/SFAbiology/","Major":"Biology","Desc":"SFA Biology"},
{"imageSource":"chemistry.jpg","link":"https://twitter.com/chemistrysfa","Major":"Chemistry","Desc":"SFA Chemistry"},
{"imageSource":"engineer.jpg","link":"https://www.facebook.com/SFAPhyEgrAst/","Major":"Engineering","Desc":"SFA Engineers"}]